id,Mentor or Mentee,preference_1,preference_2,preference_3,preference_4,preference_5,preference_6,preference_7,preference_8,preference_9,preference_10,preference_11,preference_12,preference_13,preference_14,preference_15,industry,rank_1,rank_2,rank_3,rank_4,rank_5,rank_6
0,Mentor,24,53,190,88,117,92,26,90,36,170,42,8,16,52,158,Finance;,4,5,8,9,10,3
1,Mentor,155,59,119,108,36,171,133,144,156,49,111,24,118,193,50,Real Estate;Accounting;,6,7,5,1,9,10
2,Mentor,32,25,43,106,90,97,19,178,147,163,198,36,6,1,51,Pharmaceutical;Accounting;Healthcare;,10,10,7,1,7,9
3,Mentor,79,12,4,133,87,153,29,19,63,38,28,157,101,149,5,Hospitality;Government;Other;,7,8,9,6,2,10
4,Mentor,78,27,6,127,23,106,184,135,25,11,131,90,153,61,198,Entrepreneurship;Engineering;,3,10,7,10,7,4
5,Mentor,152,146,102,117,125,131,33,41,171,28,179,110,9,65,173,Entertainment;,7,6,5,1,1,3
6,Mentor,188,123,151,15,116,71,187,145,74,193,31,19,124,140,53,Agriculture;,8,6,7,2,1,3
7,Mentor,140,72,198,135,193,58,82,30,183,78,130,19,74,111,87,Aerospace;Hospitality;Other;,10,8,4,3,2,6
8,Mentor,152,49,193,173,104,149,199,182,192,189,7,90,100,140,87,Other;Legal;Hospitality;,4,3,2,9,10,1
9,Mentor,189,76,164,111,156,180,181,1,117,104,126,64,176,84,54,Other;Human Resources;,7,4,9,5,4,6
10,Mentor,68,61,32,65,50,42,138,193,192,151,13,126,113,133,170,Media and News;Engineering;,1,5,9,10,3,9
11,Mentor,179,76,5,153,114,102,166,185,104,40,137,171,147,12,56,Legal;Food and Beverage;Human Resources;,2,3,5,4,1,1
12,Mentor,67,142,18,58,22,107,72,102,55,71,80,3,35,159,68,Food and Beverage;,2,4,10,8,9,2
13,Mentor,68,120,15,16,133,19,170,85,78,73,180,125,44,103,198,Arts and Design;Agriculture;Government;,4,7,5,9,5,2
14,Mentor,11,159,32,116,178,149,74,30,176,80,160,87,99,195,27,Other;Legal;,7,9,3,3,7,8
15,Mentor,68,133,49,80,0,127,48,89,27,188,123,149,77,85,84,Food and Beverage;Other;Accounting;,4,8,2,3,6,8
16,Mentor,74,86,83,19,37,127,25,99,62,195,76,151,175,190,88,Consulting;,2,3,5,1,3,6
17,Mentor,31,14,142,137,20,152,181,151,13,193,143,23,105,194,10,Hospitality;Entertainment;Education;,4,3,4,4,7,3
18,Mentor,156,94,60,26,172,121,52,139,114,169,35,50,51,24,171,Finance;,10,5,8,7,10,9
19,Mentor,84,38,22,67,47,142,103,97,137,70,35,89,148,30,96,Accounting;,8,3,4,1,2,2
20,Mentor,67,180,4,74,12,130,136,100,192,133,134,82,60,9,165,Healthcare;Human Resources;Media and News;,10,4,3,8,2,2
21,Mentor,81,135,88,174,120,142,157,136,179,55,109,30,189,117,49,Advertising/Marketing;,10,4,10,9,5,2
22,Mentor,155,40,146,94,159,78,171,58,41,69,132,191,157,2,88,Legal;Fashion;Agriculture;,3,4,4,3,9,8
23,Mentor,189,168,100,195,76,90,87,67,104,85,148,73,138,130,145,Fashion;Hospitality;Technology;,4,8,8,6,1,10
24,Mentor,188,4,166,131,194,109,152,66,123,95,142,75,9,140,126,Aerospace;Food and Beverage;Government;,9,9,1,1,7,8
25,Mentor,123,69,196,107,144,140,15,79,32,38,74,20,119,133,126,Advertising/Marketing;Healthcare;,6,7,2,8,6,10
26,Mentor,96,141,106,88,73,185,97,39,13,197,199,139,133,89,24,Healthcare;,1,8,5,6,3,3
27,Mentor,167,12,188,144,80,56,94,35,39,181,87,62,193,65,153,Human Resources;,10,2,2,5,6,2
28,Mentor,125,79,148,49,4,123,9,64,131,24,147,167,136,110,135,Hospitality;,10,3,5,1,10,10
29,Mentor,78,98,33,176,136,192,143,5,148,56,116,138,24,179,130,Pharmaceutical;Engineering;Healthcare;,3,6,4,9,1,5
30,Mentor,4,96,179,194,97,111,180,48,106,81,127,44,77,64,101,Advertising/Marketing;,6,6,2,1,5,2
31,Mentor,156,105,52,77,167,81,191,64,6,53,139,4,26,186,142,Fashion;Media and News;Accounting;,8,7,5,5,6,5
32,Mentor,60,147,87,129,48,97,10,38,126,116,168,44,137,106,9,Food and Beverage;,5,6,2,8,9,7
33,Mentor,19,56,111,140,108,190,174,118,90,15,133,61,76,196,20,Media and News;,9,8,1,5,7,6
34,Mentor,20,158,193,194,27,192,35,190,137,84,132,68,10,41,159,Legal;,8,10,3,4,2,9
35,Mentor,146,26,147,161,81,11,25,105,132,19,119,38,6,175,29,Nonprofit;Aerospace;,7,1,1,8,9,1
36,Mentor,51,25,59,17,199,23,53,156,77,116,100,187,182,95,11,Real Estate;Government;,9,4,8,6,2,1
37,Mentor,67,183,18,81,32,120,195,100,192,94,38,157,182,23,24,Finance;,4,6,8,9,10,5
38,Mentor,95,163,106,144,193,138,137,87,47,97,157,152,38,151,1,Legal;,4,2,1,10,5,4
39,Mentor,189,14,100,8,6,35,72,126,85,181,176,149,138,82,39,Government;,8,7,8,9,8,8
40,Mentor,7,36,152,28,120,37,27,52,143,102,98,162,99,141,105,Healthcare;,8,5,3,7,6,10
41,Mentor,180,49,96,12,195,121,150,129,156,13,67,82,50,102,167,Nonprofit;,6,6,7,6,6,6
42,Mentor,20,39,91,67,110,182,51,37,125,191,48,103,25,107,190,Hospitality;Entrepreneurship;,5,4,4,1,8,8
43,Mentor,0,126,64,153,197,146,104,124,145,130,97,132,83,125,140,Entrepreneurship;Finance;,2,5,8,4,1,2
44,Mentor,29,43,119,72,114,174,142,80,137,193,92,189,138,12,74,Real Estate;Agriculture;Accounting;,7,3,2,8,6,2
45,Mentor,191,61,104,163,3,103,117,31,121,81,95,195,137,113,105,Advertising/Marketing;,5,4,4,7,8,1
46,Mentor,25,136,51,20,22,197,181,170,97,70,146,161,31,142,151,Government;,8,4,7,9,9,7
47,Mentor,26,9,125,8,158,1,149,31,157,116,23,52,93,37,176,Government;Other;,2,2,8,9,1,2
48,Mentor,70,129,193,94,90,122,20,75,31,156,177,71,53,154,100,Entrepreneurship;,1,7,5,5,3,5
49,Mentor,17,42,85,155,104,48,170,158,137,187,196,63,119,159,191,Education;Finance;,8,2,2,6,3,1
50,Mentor,50,198,23,107,106,167,95,30,62,174,45,189,12,159,70,Fashion;Engineering;Accounting;,3,9,4,9,2,2
51,Mentor,1,56,105,46,93,2,119,141,142,42,52,30,87,168,125,Aerospace;,6,3,1,5,8,9
52,Mentor,4,99,18,171,86,50,15,116,104,5,125,197,128,48,137,Advertising/Marketing;Technology;Engineering;,6,6,3,6,6,3
53,Mentor,193,77,52,149,160,56,30,192,10,31,33,80,141,189,24,Consulting;Real Estate;,1,4,8,4,9,5
54,Mentor,24,120,114,151,98,65,193,51,124,192,19,136,161,92,183,Engineering;Consulting;,9,10,5,7,10,7
55,Mentor,160,122,68,78,165,39,94,119,197,22,186,102,150,32,112,Food and Beverage;,6,1,8,9,7,10
56,Mentor,169,6,52,146,35,109,89,88,48,1,25,160,73,80,141,Other;Real Estate;Finance;,6,6,2,2,1,3
57,Mentor,36,78,68,177,56,187,184,88,133,45,132,156,69,3,55,Agriculture;,3,1,7,9,10,9
58,Mentor,124,167,83,21,126,89,170,9,44,62,103,92,85,18,169,Engineering;Food and Beverage;,8,4,4,8,7,10
59,Mentor,5,178,175,183,66,23,193,120,150,135,171,73,134,123,26,Technology;,1,8,5,2,10,8
60,Mentor,109,113,146,63,24,102,153,151,80,166,112,186,54,144,130,Legal;,7,8,6,1,7,5
61,Mentor,117,133,143,67,172,168,102,59,91,99,28,34,18,49,36,Nonprofit;Finance;Engineering;,3,2,1,10,1,7
62,Mentor,111,143,78,18,194,104,86,43,15,150,123,131,177,27,161,Hospitality;,10,6,1,1,6,6
63,Mentor,92,134,122,121,34,102,136,177,160,118,142,67,61,77,106,Healthcare;Accounting;Real Estate;,10,4,4,10,5,9
64,Mentor,13,104,92,187,98,109,185,83,126,53,129,6,150,100,84,Entertainment;Human Resources;,10,7,4,1,4,4
65,Mentor,81,90,49,137,40,142,157,145,13,195,130,165,100,61,18,Arts and Design;Real Estate;,2,10,9,8,9,10
66,Mentor,8,138,56,169,192,77,135,3,189,60,59,104,102,70,191,Entertainment;,2,6,2,9,6,7
67,Mentor,48,157,35,88,66,171,183,17,188,138,133,116,82,10,161,Real Estate;Human Resources;,6,10,6,4,1,7
68,Mentor,19,123,162,63,54,110,43,105,116,66,130,109,165,169,161,Entrepreneurship;Entertainment;Pharmaceutical;,9,9,7,10,5,10
69,Mentor,20,89,177,25,55,189,114,94,154,33,54,9,132,97,109,Finance;Arts and Design;Entertainment;,4,8,2,5,3,8
70,Mentor,19,79,187,17,189,16,94,62,53,23,195,102,14,182,69,Agriculture;Entertainment;Nonprofit;,1,2,6,7,5,10
71,Mentor,97,23,163,1,192,179,183,52,125,181,160,28,44,180,56,Real Estate;Media and News;,6,8,10,1,6,5
72,Mentor,131,46,157,136,84,100,194,55,156,150,161,56,14,189,2,Legal;Other;,10,3,5,8,7,2
73,Mentor,104,159,18,151,190,121,135,127,87,46,185,181,184,20,198,Government;,4,6,8,4,1,3
74,Mentor,104,87,41,133,72,195,75,42,16,189,145,117,141,22,58,Fashion;Arts and Design;,3,1,6,4,5,9
75,Mentor,68,54,147,82,81,140,183,143,47,57,78,102,142,112,119,Education;Entertainment;Hospitality;,9,7,3,8,9,3
76,Mentor,49,150,88,147,104,151,133,155,197,149,180,2,9,93,184,Other;Food and Beverage;,6,8,3,10,9,4
77,Mentor,16,139,13,176,136,12,75,43,28,188,113,115,141,53,24,Other;Government;,1,7,2,4,8,2
78,Mentor,179,134,92,29,198,16,167,93,172,129,73,52,34,100,12,Education;Media and News;,3,3,5,10,2,4
79,Mentor,4,97,177,174,6,64,51,162,114,46,176,172,139,24,22,Agriculture;Engineering;,7,10,1,1,6,1
80,Mentor,23,37,56,182,96,45,106,83,59,166,140,43,98,162,165,Entrepreneurship;Real Estate;,3,3,10,7,8,3
81,Mentor,185,141,120,55,186,51,23,184,125,172,84,127,136,117,2,Media and News;,5,4,6,2,3,7
82,Mentor,59,33,180,147,144,15,192,68,135,155,114,188,76,138,40,Finance;Legal;Real Estate;,10,7,1,7,6,10
83,Mentor,40,163,35,82,180,29,55,19,56,61,162,74,179,52,63,Engineering;Pharmaceutical;Food and Beverage;,8,1,5,1,8,6
84,Mentor,76,102,70,84,199,66,30,60,127,99,156,176,31,123,150,Nonprofit;,10,8,2,5,4,5
85,Mentor,154,127,3,77,112,73,10,58,11,92,192,129,122,126,147,Nonprofit;,8,9,5,7,7,9
86,Mentor,85,43,182,77,140,189,131,139,112,101,110,61,58,158,121,Nonprofit;Education;,3,7,7,4,3,4
87,Mentor,148,90,79,67,21,19,185,55,165,84,151,39,119,174,6,Fashion;Education;Arts and Design;,7,5,9,2,9,5
88,Mentor,89,55,130,96,111,145,165,193,29,162,149,169,45,16,141,Education;,1,10,9,8,9,7
89,Mentor,166,39,86,63,124,153,2,95,177,85,115,103,146,75,129,Media and News;Human Resources;Arts and Design;,3,4,7,3,10,1
90,Mentor,155,59,133,60,186,199,161,154,142,162,42,183,190,20,179,Engineering;Food and Beverage;,7,8,2,7,6,5
91,Mentor,92,122,189,48,61,68,134,129,130,20,66,152,132,199,4,Media and News;Other;Technology;,10,8,6,10,2,1
92,Mentor,194,15,14,121,71,127,70,82,197,109,51,54,41,65,108,Hospitality;Entertainment;Media and News;,8,4,10,5,8,4
93,Mentor,104,40,197,85,128,12,102,4,182,1,159,106,100,152,57,Fashion;Engineering;Accounting;,5,10,10,1,8,9
94,Mentor,1,170,149,43,146,65,118,192,78,67,129,16,89,41,108,Fashion;Arts and Design;Other;,9,7,3,9,7,2
95,Mentor,76,156,87,155,171,182,116,146,178,55,145,99,131,162,91,Other;Finance;Entertainment;,8,7,6,2,2,8
96,Mentor,79,40,5,70,186,18,50,107,46,11,181,34,197,78,91,Media and News;Healthcare;Entrepreneurship;,5,6,10,1,10,7
97,Mentor,87,111,89,157,138,34,97,48,93,154,100,140,21,149,49,Media and News;Entrepreneurship;Aerospace;,6,2,5,5,9,5
98,Mentor,143,123,177,144,150,94,15,31,157,183,87,44,149,101,11,Engineering;,6,9,1,10,6,7
99,Mentor,182,99,100,184,150,179,2,89,20,172,127,88,178,197,170,Engineering;Entertainment;,6,3,1,10,4,2
100,Mentor,172,32,61,64,9,153,103,90,189,26,74,0,1,85,123,Legal;Fashion;,2,7,6,5,8,10
101,Mentor,99,121,76,192,160,106,11,15,183,63,32,21,37,120,152,Healthcare;,9,5,8,1,1,6
102,Mentor,137,36,21,60,38,127,93,12,8,70,198,72,142,83,177,Entertainment;,2,10,7,9,1,6
103,Mentor,103,110,1,172,35,36,193,80,153,68,155,33,180,58,5,Accounting;Other;Nonprofit;,2,10,10,9,7,10
104,Mentor,146,162,139,150,28,163,97,70,152,47,156,53,103,144,145,Arts and Design;,7,8,8,8,5,7
105,Mentor,157,45,73,36,79,112,55,183,66,156,48,38,161,125,20,Legal;Consulting;Accounting;,5,10,2,8,8,6
106,Mentor,9,163,111,52,190,151,138,95,147,35,130,150,34,7,87,Pharmaceutical;Agriculture;,10,8,2,1,9,5
107,Mentor,172,12,176,139,33,133,91,69,78,93,161,190,31,154,168,Education;Other;Entertainment;,8,3,7,4,5,10
108,Mentor,29,134,48,18,188,137,71,174,17,147,175,101,104,82,9,Aerospace;Finance;,3,7,9,1,5,8
109,Mentor,75,15,97,92,48,109,140,57,111,76,49,42,44,16,147,Consulting;Nonprofit;Fashion;,2,4,8,4,3,4
110,Mentor,89,10,193,50,198,132,76,166,191,149,81,68,102,65,145,Technology;Nonprofit;Hospitality;,1,8,1,9,1,2
111,Mentor,129,144,118,160,138,195,154,120,46,167,193,192,99,165,65,Education;Media and News;Finance;,4,1,7,2,8,9
112,Mentor,146,188,62,142,190,85,173,104,20,156,92,174,194,159,105,Hospitality;Engineering;Agriculture;,7,1,10,9,2,4
113,Mentor,30,97,60,106,164,8,174,191,11,50,183,26,105,2,66,Technology;Hospitality;,9,4,3,5,10,9
114,Mentor,193,33,16,64,32,107,156,168,140,174,60,83,94,31,14,Entrepreneurship;Technology;Nonprofit;,1,9,5,6,10,5
115,Mentor,6,90,105,141,11,107,158,184,95,156,25,131,115,199,114,Consulting;Food and Beverage;Education;,5,5,2,3,5,5
116,Mentor,41,51,86,161,56,93,23,163,113,59,34,108,74,98,126,Finance;Legal;Food and Beverage;,10,5,5,2,7,3
117,Mentor,8,79,190,113,181,160,114,4,124,70,110,126,185,73,183,Education;,7,8,2,9,3,10
118,Mentor,14,100,193,132,6,190,19,199,21,115,136,96,87,153,52,Human Resources;,4,8,9,5,7,8
119,Mentor,95,192,6,164,44,112,159,13,35,140,114,153,65,29,174,Other;,5,2,1,10,10,3
120,Mentor,69,116,33,106,107,118,27,80,41,39,8,122,60,132,78,Consulting;Aerospace;,9,2,5,2,2,7
121,Mentor,151,178,150,12,59,199,2,62,94,54,175,119,29,1,198,Nonprofit;Other;Finance;,2,5,4,2,8,6
122,Mentor,58,158,122,30,119,139,189,193,20,75,49,147,26,92,9,Food and Beverage;Entertainment;Consulting;,9,9,8,2,8,4
123,Mentor,89,39,83,76,71,11,181,28,179,43,94,130,84,21,195,Hospitality;Pharmaceutical;Agriculture;,8,8,2,3,8,1
124,Mentor,86,82,81,3,20,111,163,60,50,74,77,176,131,43,83,Entertainment;,8,7,5,7,7,8
125,Mentor,11,0,44,146,39,66,21,34,133,72,59,197,89,137,73,Real Estate;Pharmaceutical;,5,3,8,3,10,7
126,Mentor,121,114,78,100,190,51,54,166,80,52,105,111,21,31,18,Entrepreneurship;,2,8,9,9,6,2
127,Mentor,190,93,43,34,184,175,72,179,65,106,28,99,25,122,0,Media and News;Arts and Design;,5,4,5,7,10,1
128,Mentor,175,3,147,7,98,43,160,192,140,54,32,179,184,110,168,Government;Entertainment;Food and Beverage;,10,5,8,2,1,3
129,Mentor,140,38,5,154,49,166,138,48,136,137,95,85,28,113,160,Media and News;,2,10,2,1,1,8
130,Mentor,187,0,170,193,60,59,185,18,79,68,89,24,147,67,199,Healthcare;Technology;Fashion;,6,4,7,2,8,5
131,Mentor,78,65,159,47,177,17,32,125,148,38,183,186,172,64,15,Engineering;,3,7,9,6,9,10
132,Mentor,139,33,105,90,9,197,44,181,195,163,28,141,182,55,43,Advertising/Marketing;Fashion;Human Resources;,2,3,3,6,8,1
133,Mentor,89,181,23,153,75,161,190,179,155,191,163,151,173,6,106,Pharmaceutical;Food and Beverage;Engineering;,4,3,4,4,3,4
134,Mentor,144,57,189,120,51,158,3,81,187,135,95,176,20,32,191,Media and News;Nonprofit;,9,9,10,5,3,10
135,Mentor,49,3,198,159,154,67,88,23,12,127,39,103,59,74,149,Agriculture;Fashion;Pharmaceutical;,4,9,1,2,5,2
136,Mentor,92,170,126,162,160,155,114,169,46,193,131,78,104,182,116,Education;,5,10,1,1,9,6
137,Mentor,140,143,98,179,166,15,61,70,43,92,50,97,64,39,167,Entertainment;,3,4,2,10,8,5
138,Mentor,152,24,66,172,117,143,177,120,136,108,80,97,163,173,52,Real Estate;Government;,8,3,10,3,10,3
139,Mentor,190,73,175,81,98,139,23,14,186,39,12,3,187,142,194,Government;Finance;,9,2,7,9,10,10
140,Mentor,56,62,60,34,47,84,83,41,147,49,172,4,164,75,73,Other;Nonprofit;,4,7,8,4,3,3
141,Mentor,19,108,130,152,169,103,79,5,136,87,186,132,172,189,184,Media and News;Entertainment;Pharmaceutical;,10,5,3,9,3,7
142,Mentor,31,115,54,100,195,40,157,132,53,160,32,56,94,66,14,Arts and Design;Government;Legal;,5,9,4,1,4,7
143,Mentor,188,89,1,69,55,149,132,49,111,26,24,98,196,46,170,Finance;,4,9,4,6,3,2
144,Mentor,167,98,13,199,34,159,115,128,140,40,62,99,63,26,169,Agriculture;Consulting;,10,5,4,5,10,2
145,Mentor,76,44,118,161,122,81,180,195,7,139,40,83,16,128,20,Entertainment;Finance;,3,2,9,2,2,8
146,Mentor,72,129,161,49,131,132,147,9,163,19,100,46,14,135,199,Human Resources;,2,4,2,5,4,7
147,Mentor,97,85,77,137,188,133,192,58,51,80,88,53,42,162,138,Legal;,3,3,1,7,1,1
148,Mentor,157,90,148,178,154,85,155,15,23,117,145,114,146,94,16,Consulting;,8,8,4,4,3,1
149,Mentor,108,188,134,176,128,50,145,193,1,131,132,180,54,61,18,Pharmaceutical;,1,8,7,8,10,4
150,Mentor,118,29,27,1,9,156,0,105,12,185,7,64,135,143,141,Advertising/Marketing;,5,3,9,10,6,4
151,Mentor,10,154,151,167,71,145,33,127,112,19,152,180,89,80,149,Consulting;Fashion;,10,10,8,8,10,5
152,Mentor,2,4,81,115,118,46,134,195,169,88,55,69,25,42,29,Media and News;Nonprofit;,5,9,3,5,8,2
153,Mentor,49,20,195,2,50,180,122,8,137,172,58,185,159,17,21,Engineering;Technology;,1,1,5,7,9,9
154,Mentor,90,198,158,124,2,13,55,56,21,193,88,52,155,15,30,Nonprofit;,6,4,8,9,3,2
155,Mentor,173,144,199,175,50,26,27,60,44,106,70,90,73,31,111,Engineering;Healthcare;,10,6,4,4,10,5
156,Mentor,29,181,79,162,101,72,19,5,70,111,172,89,124,61,147,Advertising/Marketing;Arts and Design;Education;,1,4,5,9,9,1
157,Mentor,97,80,23,87,66,72,22,38,0,46,126,177,199,147,83,Healthcare;Finance;,10,6,3,8,2,2
158,Mentor,29,174,124,183,67,37,139,180,96,145,111,49,160,165,181,Legal;Media and News;,2,2,10,4,5,6
159,Mentor,31,85,66,122,141,151,19,2,149,153,114,33,98,106,58,Media and News;Arts and Design;Food and Beverage;,1,8,10,9,1,2
160,Mentor,104,180,172,161,33,184,166,147,54,10,20,76,64,56,133,Entertainment;Media and News;,7,8,6,5,1,7
161,Mentor,14,122,82,96,115,183,31,100,175,12,101,6,95,65,91,Entrepreneurship;Technology;Pharmaceutical;,9,10,6,4,3,9
162,Mentor,59,78,21,166,27,124,8,136,135,182,123,189,196,199,127,Media and News;,8,7,9,2,4,5
163,Mentor,178,156,162,2,151,130,160,141,19,109,16,133,198,189,39,Pharmaceutical;Technology;Finance;,1,9,8,4,5,6
164,Mentor,183,187,165,51,191,66,85,88,193,104,181,60,8,182,177,Aerospace;Entrepreneurship;,9,3,8,10,5,4
165,Mentor,157,148,158,65,97,88,44,22,105,77,146,1,177,29,55,Agriculture;,1,4,5,5,5,8
166,Mentor,83,129,116,98,190,192,171,109,10,3,17,154,94,24,51,Healthcare;Fashion;Technology;,2,5,9,9,10,4
167,Mentor,193,50,181,80,8,172,29,125,123,113,116,14,67,169,15,Healthcare;Food and Beverage;Legal;,9,3,6,9,9,10
168,Mentor,187,150,77,63,96,11,0,199,108,117,183,48,190,44,160,Healthcare;Government;,8,7,9,2,4,5
169,Mentor,75,154,90,158,23,93,137,132,99,37,110,2,163,98,122,Education;,4,8,10,4,6,6
170,Mentor,108,107,48,35,131,189,158,14,129,59,21,190,176,1,37,Entrepreneurship;Finance;,2,3,5,1,1,5
171,Mentor,108,61,99,152,87,30,89,106,118,143,73,150,138,186,171,Aerospace;,6,9,5,6,8,8
172,Mentor,129,152,30,18,75,74,147,3,116,78,5,61,149,187,141,Entertainment;,5,7,6,3,10,10
173,Mentor,27,16,36,104,136,14,90,74,62,100,189,24,52,18,182,Government;Legal;Agriculture;,2,2,7,3,4,7
174,Mentor,67,135,153,53,72,61,75,32,82,36,64,127,180,96,29,Entertainment;Advertising/Marketing;Accounting;,1,5,7,1,9,4
175,Mentor,70,40,171,89,110,71,167,67,4,106,152,50,23,191,161,Aerospace;Agriculture;,4,2,9,7,8,6
176,Mentor,155,30,135,167,48,33,139,14,160,103,51,149,93,185,173,Finance;Entrepreneurship;Media and News;,4,6,5,7,4,5
177,Mentor,76,110,64,65,165,98,50,18,9,181,164,79,7,128,118,Real Estate;Accounting;Healthcare;,4,2,3,1,6,4
178,Mentor,157,26,132,152,176,97,115,5,60,182,65,155,137,89,59,Arts and Design;Real Estate;Consulting;,10,7,8,2,4,3
179,Mentor,43,24,164,0,47,176,192,40,3,35,180,12,23,99,39,Advertising/Marketing;,1,9,1,10,3,1
180,Mentor,100,185,50,146,57,74,24,111,56,106,58,10,147,171,117,Arts and Design;,6,7,3,4,8,10
181,Mentor,112,96,58,52,79,185,26,162,33,38,0,135,30,66,55,Entertainment;,2,3,4,5,3,3
182,Mentor,158,10,139,152,43,182,160,98,15,48,65,105,28,66,173,Finance;,7,4,8,8,3,5
183,Mentor,50,85,110,22,166,108,186,184,30,48,66,59,122,134,149,Arts and Design;Entrepreneurship;Food and Beverage;,7,10,2,6,7,1
184,Mentor,28,167,43,199,8,148,26,129,165,128,147,74,42,151,71,Pharmaceutical;Education;Accounting;,4,5,8,3,7,6
185,Mentor,197,191,141,186,196,195,39,172,173,17,75,188,167,50,181,Human Resources;Fashion;,4,9,9,6,8,2
186,Mentor,117,61,136,82,91,109,130,98,3,81,42,1,151,63,67,Consulting;Healthcare;Legal;,9,1,4,1,4,3
187,Mentor,161,175,114,30,168,63,42,146,2,18,86,180,99,31,130,Other;,2,7,10,6,3,10
188,Mentor,86,97,88,55,69,120,2,90,53,34,32,14,98,183,106,Entrepreneurship;Engineering;,5,2,7,9,10,2
189,Mentor,0,169,113,131,29,178,126,61,107,112,63,192,79,39,40,Accounting;,3,3,3,1,4,6
190,Mentor,78,60,113,3,195,26,142,1,75,172,146,33,44,38,143,Government;Education;Real Estate;,8,3,10,7,3,2
191,Mentor,130,34,178,14,5,78,135,71,101,93,136,94,99,61,125,Nonprofit;Advertising/Marketing;,5,9,8,2,9,4
192,Mentor,31,87,51,192,145,29,22,131,96,2,166,49,152,15,7,Pharmaceutical;Legal;Real Estate;,10,2,10,7,9,5
193,Mentor,113,139,97,18,8,198,176,171,55,155,142,77,99,119,194,Fashion;Pharmaceutical;,5,8,1,6,2,3
194,Mentor,13,89,178,18,147,80,140,26,70,7,40,163,97,146,173,Consulting;Nonprofit;,1,7,2,9,5,10
195,Mentor,138,71,89,32,21,148,68,180,137,115,106,42,60,34,29,Other;Accounting;Engineering;,8,2,2,7,5,6
196,Mentor,8,86,98,166,174,45,188,57,94,167,19,176,95,163,183,Food and Beverage;Technology;,8,4,7,7,2,6
197,Mentor,125,117,43,63,48,7,17,74,94,120,42,154,124,131,115,Aerospace;Finance;Arts and Design;,2,8,7,4,6,5
198,Mentor,45,23,59,176,174,123,17,44,81,141,105,79,186,41,72,Entrepreneurship;,9,7,10,7,3,5
199,Mentor,174,55,154,165,171,162,95,54,134,125,167,111,149,40,161,Technology;Entertainment;Hospitality;,6,8,2,10,7,10
0,Mentee,149,177,174,43,25,83,77,28,33,162,86,184,112,20,98,Healthcare;,3,10,7,2,3,10
1,Mentee,171,191,146,35,150,33,120,54,163,153,18,71,11,197,103,Advertising/Marketing;,8,7,6,5,1,8
2,Mentee,119,1,47,43,125,15,115,199,50,95,86,56,157,136,156,Agriculture;Finance;Education;,5,10,10,6,3,4
3,Mentee,173,183,55,168,149,93,182,19,86,130,20,41,118,15,105,Human Resources;Engineering;Education;,1,2,8,1,10,5
4,Mentee,129,105,132,6,178,158,139,114,104,174,148,122,167,26,32,Education;Food and Beverage;,4,3,10,5,10,8
5,Mentee,185,77,123,41,37,25,59,52,89,183,131,12,92,187,15,Arts and Design;Media and News;,4,10,3,5,8,4
6,Mentee,168,143,4,109,78,120,57,162,147,166,80,157,70,98,26,Accounting;Real Estate;,1,9,1,2,5,3
7,Mentee,113,137,145,24,44,107,73,149,155,74,148,42,72,123,175,Consulting;Finance;Arts and Design;,4,5,8,4,2,2
8,Mentee,122,158,125,143,172,36,40,118,3,59,195,163,155,71,168,Nonprofit;Food and Beverage;,2,1,8,5,6,3
9,Mentee,63,54,99,101,41,28,77,116,118,127,148,29,67,102,91,Arts and Design;Advertising/Marketing;,1,5,4,8,3,10
10,Mentee,162,14,193,59,93,85,32,84,114,177,117,7,15,96,36,Real Estate;,5,6,1,2,1,3
11,Mentee,112,110,68,177,48,90,192,164,25,158,21,183,145,82,2,Government;Fashion;,1,7,9,10,3,1
12,Mentee,155,143,178,87,193,107,79,130,8,182,61,93,96,44,56,Engineering;Consulting;Finance;,5,9,3,9,6,4
13,Mentee,83,151,108,32,29,1,68,79,128,134,142,100,41,85,198,Accounting;,3,1,1,5,7,8
14,Mentee,22,11,42,114,132,156,23,18,47,104,106,176,172,116,162,Hospitality;Legal;Aerospace;,5,6,3,5,8,3
15,Mentee,131,82,71,16,91,148,154,6,21,168,8,85,38,116,15,Arts and Design;,2,4,5,9,7,1
16,Mentee,104,58,192,159,90,92,80,199,78,82,150,165,75,182,194,Finance;Entertainment;,9,2,1,1,9,3
17,Mentee,179,34,18,186,143,28,17,96,27,190,199,197,109,84,11,Nonprofit;,5,8,8,5,10,3
18,Mentee,138,130,24,94,7,76,64,103,194,0,19,174,104,89,83,Human Resources;,5,2,9,9,6,8
19,Mentee,188,63,147,48,181,52,43,59,167,26,21,73,187,197,46,Pharmaceutical;,3,9,6,3,4,1
20,Mentee,192,101,155,105,63,122,58,99,74,142,107,195,191,129,165,Aerospace;,9,9,7,7,4,1
21,Mentee,6,172,43,184,63,115,120,58,59,198,197,114,151,9,186,Entertainment;Hospitality;Fashion;,4,9,5,6,1,6
22,Mentee,179,97,196,112,124,175,79,42,32,62,86,10,18,168,90,Government;,1,2,3,5,1,2
23,Mentee,108,134,69,152,147,101,139,8,85,127,168,56,113,22,180,Human Resources;,6,5,1,5,6,1
24,Mentee,172,199,170,42,142,80,160,187,16,125,175,97,22,50,77,Fashion;Real Estate;Consulting;,7,6,2,5,5,3
25,Mentee,91,44,106,155,166,116,98,20,101,17,53,86,22,190,8,Technology;Food and Beverage;Consulting;,10,2,9,1,2,1
26,Mentee,109,115,174,135,25,168,125,118,28,35,164,72,187,123,5,Advertising/Marketing;Legal;Healthcare;,10,1,7,3,8,7
27,Mentee,76,186,3,26,103,118,182,13,113,9,193,74,117,179,197,Entertainment;Finance;Pharmaceutical;,7,5,2,7,10,6
28,Mentee,106,17,39,122,18,179,88,42,178,110,156,186,130,159,3,Nonprofit;,4,9,3,7,3,9
29,Mentee,100,183,15,188,32,160,60,88,26,141,143,196,199,79,191,Finance;Hospitality;,5,2,4,5,3,9
30,Mentee,118,31,109,33,95,15,154,41,34,104,108,139,191,53,56,Nonprofit;,10,1,6,5,3,3
31,Mentee,85,159,75,66,139,82,89,105,5,115,12,113,187,192,2,Consulting;Arts and Design;,8,7,9,9,7,6
32,Mentee,194,48,12,189,26,101,55,89,187,87,61,131,169,84,94,Media and News;,1,6,7,1,5,6
33,Mentee,148,147,171,155,139,84,19,24,53,12,62,108,173,169,67,Entrepreneurship;,3,5,7,7,4,7
34,Mentee,70,190,107,144,165,116,65,171,92,71,96,172,125,112,7,Media and News;Finance;,1,5,3,3,6,7
35,Mentee,158,85,77,191,91,99,177,61,76,117,167,183,97,9,1,Food and Beverage;,9,9,10,3,2,9
36,Mentee,53,47,145,160,134,172,99,133,165,67,197,158,92,90,191,Hospitality;Accounting;Arts and Design;,10,10,8,7,1,1
37,Mentee,11,42,138,91,170,183,2,197,74,68,161,26,166,178,181,Consulting;,5,10,2,3,4,5
38,Mentee,57,82,194,135,80,176,33,186,152,120,165,128,20,170,146,Advertising/Marketing;Healthcare;Food and Beverage;,3,8,6,6,6,7
39,Mentee,191,34,160,130,22,55,184,61,76,141,71,193,50,8,41,Aerospace;Hospitality;,7,5,2,7,10,1
40,Mentee,181,138,13,22,97,62,99,69,192,164,17,127,198,50,141,Consulting;Media and News;Nonprofit;,3,7,2,5,10,9
41,Mentee,8,189,163,18,10,74,81,186,139,20,25,97,143,123,184,Education;Food and Beverage;Accounting;,4,4,4,10,2,10
42,Mentee,140,80,108,191,43,186,105,161,156,2,118,188,167,12,144,Engineering;Hospitality;Media and News;,10,4,7,10,10,3
43,Mentee,62,159,123,166,44,69,76,8,125,126,9,150,195,75,141,Human Resources;Legal;,8,7,2,5,2,9
44,Mentee,51,139,157,10,158,83,191,48,59,149,56,106,52,91,147,Entrepreneurship;Food and Beverage;Media and News;,8,9,10,9,2,6
45,Mentee,140,123,180,14,152,111,161,169,43,36,166,89,100,62,68,Entertainment;,1,7,9,5,3,8
46,Mentee,33,198,19,149,60,88,115,180,111,69,45,136,173,11,95,Aerospace;Arts and Design;Nonprofit;,7,1,4,7,4,9
47,Mentee,2,93,25,188,101,138,46,10,5,47,97,88,187,13,158,Aerospace;,1,7,3,9,2,6
48,Mentee,113,165,36,186,142,81,99,35,4,120,27,149,95,170,173,Hospitality;,9,6,3,10,9,2
49,Mentee,28,113,91,145,43,21,18,115,162,78,71,68,13,14,35,Legal;,10,5,4,8,7,9
50,Mentee,176,65,36,28,186,136,184,40,7,157,173,188,43,8,118,Technology;,10,4,4,1,2,3
51,Mentee,66,149,159,171,78,58,189,0,176,99,86,60,118,22,115,Fashion;Advertising/Marketing;Agriculture;,6,7,1,9,1,7
52,Mentee,42,118,117,38,159,112,150,148,189,79,162,103,164,88,197,Technology;Accounting;Pharmaceutical;,4,9,10,9,7,1
53,Mentee,66,99,45,47,28,141,109,26,40,43,64,42,0,194,162,Hospitality;Technology;Media and News;,5,10,5,10,4,9
54,Mentee,98,138,71,134,17,51,96,131,100,104,15,42,121,159,106,Hospitality;Aerospace;,8,10,3,3,6,1
55,Mentee,145,56,66,88,131,38,108,4,37,73,82,84,72,9,126,Agriculture;,4,7,2,2,9,5
56,Mentee,34,40,196,68,119,67,82,197,198,26,111,64,62,113,132,Healthcare;,4,8,4,4,9,5
57,Mentee,117,191,96,119,75,66,65,6,152,134,27,121,113,106,158,Human Resources;Nonprofit;,2,10,5,2,9,1
58,Mentee,187,34,135,39,7,103,45,85,131,56,181,91,126,22,101,Agriculture;Food and Beverage;Entertainment;,6,1,3,9,1,6
59,Mentee,95,146,1,79,124,35,176,185,82,83,161,101,69,156,84,Real Estate;,10,10,6,1,8,4
60,Mentee,98,64,18,193,106,126,0,172,124,61,183,120,51,92,41,Entrepreneurship;,7,2,3,1,9,8
61,Mentee,194,197,113,5,3,132,157,14,152,92,140,102,104,34,27,Legal;Consulting;Finance;,3,10,1,9,4,8
62,Mentee,189,148,176,184,25,9,181,161,110,21,120,121,48,18,126,Nonprofit;Technology;,3,4,2,6,7,3
63,Mentee,124,184,113,194,148,74,98,22,3,14,118,179,79,56,8,Hospitality;,2,9,4,4,1,3
64,Mentee,132,3,68,2,181,183,193,122,153,163,27,33,150,92,136,Entertainment;Arts and Design;,8,4,6,3,8,10
65,Mentee,164,1,94,65,83,171,56,107,159,108,3,126,118,139,117,Finance;,1,2,10,7,2,5
66,Mentee,121,153,11,146,128,17,28,137,57,0,100,6,118,110,166,Media and News;Agriculture;,5,1,10,5,7,5
67,Mentee,74,160,95,32,132,23,48,184,55,125,166,110,78,157,26,Engineering;Pharmaceutical;Real Estate;,10,8,2,4,1,9
68,Mentee,159,71,130,11,34,103,65,49,144,187,33,199,157,152,85,Fashion;Food and Beverage;Media and News;,4,6,10,7,3,9
69,Mentee,165,157,66,49,191,113,93,143,118,169,192,1,55,115,121,Technology;Hospitality;Pharmaceutical;,9,5,6,5,9,3
70,Mentee,194,119,105,164,106,159,49,197,138,151,111,171,183,44,137,Finance;Arts and Design;Healthcare;,9,9,5,5,9,2
71,Mentee,29,130,190,136,108,166,33,126,194,86,121,49,95,54,161,Food and Beverage;Accounting;,2,9,1,6,7,2
72,Mentee,33,37,22,149,71,186,84,197,28,155,154,187,64,162,133,Pharmaceutical;Finance;,2,1,5,8,4,2
73,Mentee,89,11,16,152,116,25,130,183,34,46,30,88,74,78,82,Agriculture;Technology;,2,7,6,4,5,2
74,Mentee,152,146,17,69,198,194,67,63,76,46,117,134,57,114,130,Education;,1,2,10,10,5,5
75,Mentee,15,129,73,50,91,173,177,64,127,16,98,82,72,146,26,Arts and Design;,5,4,1,7,10,2
76,Mentee,127,36,144,181,19,69,51,83,59,62,118,121,78,124,103,Technology;Nonprofit;,9,7,10,9,10,10
77,Mentee,142,127,41,91,81,40,19,125,109,0,171,64,8,133,52,Agriculture;Food and Beverage;,10,4,1,1,5,10
78,Mentee,59,39,82,16,160,47,118,126,113,117,96,147,164,74,196,Agriculture;,9,4,8,3,9,10
79,Mentee,139,197,102,170,17,195,141,79,7,175,15,42,150,159,27,Human Resources;Legal;Other;,5,2,2,2,7,8
80,Mentee,49,24,172,106,103,119,35,161,59,9,32,15,148,110,96,Consulting;,3,10,1,5,10,7
81,Mentee,53,186,68,159,57,193,56,180,21,6,15,187,67,183,151,Human Resources;Accounting;Media and News;,2,4,3,2,1,3
82,Mentee,165,190,89,56,55,57,80,4,26,192,110,107,117,180,122,Food and Beverage;Legal;,1,9,2,7,1,3
83,Mentee,134,3,38,19,21,94,5,167,133,85,174,131,41,187,197,Government;Media and News;,9,5,3,2,1,3
84,Mentee,122,72,169,73,141,199,21,125,18,192,148,186,149,62,23,Arts and Design;Other;,8,3,3,10,2,4
85,Mentee,65,146,118,22,33,94,189,52,86,82,110,2,162,38,70,Aerospace;,2,1,4,5,8,3
86,Mentee,4,75,117,39,79,180,20,128,38,33,71,110,36,193,118,Entrepreneurship;,10,9,8,10,5,9
87,Mentee,190,111,70,172,128,162,120,196,133,64,25,57,83,145,12,Legal;Agriculture;,7,5,7,2,8,4
88,Mentee,62,52,55,179,89,165,53,131,107,58,60,177,159,167,129,Entrepreneurship;,8,4,3,5,4,7
89,Mentee,170,38,174,108,172,161,123,70,121,195,163,9,73,199,181,Healthcare;Government;,10,10,6,7,10,8
90,Mentee,80,12,25,11,17,14,196,154,108,135,184,48,92,41,185,Healthcare;Human Resources;,10,7,6,10,6,4
91,Mentee,198,188,143,63,4,150,112,110,46,156,2,56,176,40,89,Hospitality;Accounting;Real Estate;,9,3,3,10,4,7
92,Mentee,163,160,184,162,195,84,44,31,170,140,124,38,136,90,4,Legal;,1,2,5,4,2,9
93,Mentee,21,172,153,97,2,47,164,38,160,68,76,123,132,117,103,Food and Beverage;Human Resources;Education;,6,4,3,3,6,9
94,Mentee,5,64,69,25,0,58,182,36,9,6,71,90,81,143,199,Other;Food and Beverage;,5,3,7,9,3,10
95,Mentee,10,101,133,78,34,20,13,108,86,115,147,186,195,97,161,Agriculture;Entertainment;Consulting;,8,8,8,5,2,2
96,Mentee,133,0,8,44,23,125,184,86,159,75,137,145,169,119,77,Healthcare;Finance;,5,9,3,3,5,1
97,Mentee,67,60,65,29,64,175,193,32,192,163,18,141,4,102,2,Nonprofit;,2,9,1,7,8,4
98,Mentee,70,24,185,81,181,187,178,53,41,174,131,37,126,27,113,Other;Technology;Nonprofit;,7,10,10,1,2,6
99,Mentee,108,189,124,66,120,121,56,109,39,122,52,126,18,93,65,Entertainment;Food and Beverage;,9,7,1,9,5,3
100,Mentee,185,22,177,27,16,117,108,72,49,89,170,176,172,190,33,Education;Accounting;Advertising/Marketing;,7,3,7,1,5,9
101,Mentee,10,144,185,194,17,33,64,105,151,124,56,127,24,181,179,Engineering;Consulting;,3,5,1,10,2,9
102,Mentee,133,11,152,94,115,143,162,36,159,10,72,22,127,42,87,Technology;,2,6,9,5,10,1
103,Mentee,42,45,120,12,109,46,104,196,91,149,126,146,125,184,135,Human Resources;Agriculture;Fashion;,5,9,3,10,1,8
104,Mentee,148,99,49,119,106,18,64,83,190,153,57,84,113,134,87,Fashion;Accounting;Hospitality;,2,7,1,2,1,10
105,Mentee,20,129,196,26,193,7,155,152,79,154,161,177,54,52,38,Finance;,4,5,8,9,10,1
106,Mentee,126,187,123,153,10,189,26,88,1,39,19,5,152,177,118,Technology;Consulting;Education;,8,2,3,2,1,4
107,Mentee,118,98,86,105,27,103,11,58,193,52,10,198,45,24,30,Government;Consulting;Human Resources;,2,1,10,10,5,9
108,Mentee,154,199,118,86,77,87,9,98,143,99,107,79,14,114,110,Legal;Finance;Arts and Design;,2,5,4,7,6,10
109,Mentee,177,170,17,9,59,134,19,104,87,152,64,158,94,109,115,Food and Beverage;Pharmaceutical;,1,5,9,4,5,1
110,Mentee,89,158,0,43,186,20,161,175,33,7,91,21,107,139,64,Healthcare;Nonprofit;,2,6,9,2,3,1
111,Mentee,142,123,146,125,101,103,196,37,30,44,56,64,57,164,149,Human Resources;,7,5,5,9,8,10
112,Mentee,140,111,158,150,76,71,57,26,153,183,100,139,98,120,30,Fashion;Food and Beverage;,9,8,4,8,2,10
113,Mentee,83,176,58,92,146,121,180,125,120,122,0,119,181,99,102,Advertising/Marketing;Healthcare;,8,2,1,9,10,7
114,Mentee,174,32,170,153,88,68,59,97,41,117,112,175,152,107,80,Legal;Real Estate;Hospitality;,6,3,6,5,10,7
115,Mentee,160,161,61,43,110,33,122,106,104,24,89,57,155,97,123,Consulting;,1,10,7,10,8,10
116,Mentee,109,2,197,104,54,120,66,148,138,176,1,81,177,116,117,Consulting;Aerospace;,4,8,8,3,6,2
117,Mentee,118,159,32,192,150,116,5,124,117,137,194,115,138,175,14,Human Resources;Advertising/Marketing;,8,3,10,9,4,7
118,Mentee,55,73,133,123,196,165,88,154,166,89,170,39,146,20,150,Advertising/Marketing;,9,6,10,1,6,6
119,Mentee,115,187,42,131,172,164,28,30,18,76,40,54,119,22,109,Government;Nonprofit;,5,10,3,1,1,3
120,Mentee,27,131,24,20,40,146,4,31,107,79,29,76,65,75,48,Advertising/Marketing;Aerospace;Entertainment;,5,6,9,7,4,9
121,Mentee,163,61,35,106,54,69,116,84,160,92,171,57,189,140,10,Arts and Design;Agriculture;,4,10,1,6,9,8
122,Mentee,194,56,19,96,156,189,106,57,46,47,81,137,22,155,34,Media and News;,1,5,4,1,3,7
123,Mentee,31,199,129,190,60,29,137,139,161,154,177,91,172,48,153,Entertainment;Fashion;,8,8,6,10,1,1
124,Mentee,76,59,175,191,198,151,178,125,51,58,22,79,86,134,100,Human Resources;Food and Beverage;,8,1,3,3,8,7
125,Mentee,115,34,30,84,31,101,80,59,16,95,70,91,155,165,124,Media and News;,9,1,6,10,6,5
126,Mentee,23,154,43,60,0,21,109,172,95,139,167,128,152,155,83,Entrepreneurship;Agriculture;,8,5,9,9,1,7
127,Mentee,174,110,177,63,150,67,128,17,83,109,139,9,62,8,178,Consulting;Engineering;,6,1,4,7,9,4
128,Mentee,181,160,38,70,72,33,35,195,44,21,108,51,8,37,27,Hospitality;Aerospace;,10,10,8,10,5,5
129,Mentee,125,35,15,175,111,181,42,9,182,72,26,94,144,113,68,Real Estate;,7,3,1,9,6,8
130,Mentee,56,96,10,153,86,121,162,2,13,177,128,196,68,36,182,Entertainment;,1,2,6,4,2,8
131,Mentee,32,197,199,190,88,75,55,62,145,66,29,13,187,105,48,Accounting;Nonprofit;,8,6,3,5,9,4
132,Mentee,17,129,32,134,111,25,26,133,179,172,68,123,148,93,23,Agriculture;Healthcare;Nonprofit;,2,2,1,9,1,2
133,Mentee,73,127,106,173,39,166,18,154,102,107,76,30,79,71,184,Advertising/Marketing;,1,4,9,6,10,7
134,Mentee,31,19,24,36,131,96,23,140,99,92,83,98,147,171,104,Government;Media and News;,3,2,9,10,10,1
135,Mentee,92,80,167,105,82,59,104,21,111,76,62,63,36,57,122,Nonprofit;Human Resources;Arts and Design;,6,3,7,8,3,6
136,Mentee,75,59,6,161,102,105,141,63,84,178,29,189,16,68,11,Hospitality;Human Resources;,7,3,9,5,3,9
137,Mentee,190,172,54,170,180,21,99,156,152,12,138,37,108,168,103,Entertainment;Engineering;Hospitality;,1,6,1,1,8,3
138,Mentee,44,99,108,193,168,194,101,176,163,84,65,22,60,124,28,Entertainment;,5,8,8,7,2,1
139,Mentee,8,72,136,160,166,90,60,9,11,131,170,150,104,66,177,Human Resources;Entrepreneurship;Other;,4,7,7,4,9,4
140,Mentee,102,143,55,72,173,193,175,188,36,168,94,27,85,179,8,Food and Beverage;,8,6,8,7,7,6
141,Mentee,50,39,192,115,8,103,3,83,90,113,147,16,29,131,67,Human Resources;,4,4,10,10,5,9
142,Mentee,174,118,31,194,184,113,141,116,56,91,75,131,40,70,122,Finance;Healthcare;Legal;,10,7,10,4,8,10
143,Mentee,22,48,160,165,154,116,17,50,31,117,147,75,100,79,88,Food and Beverage;Accounting;Finance;,5,5,4,4,8,7
144,Mentee,94,131,45,12,142,181,101,141,197,134,150,2,157,24,129,Nonprofit;,6,10,2,9,4,4
145,Mentee,107,53,180,190,141,79,49,155,71,134,181,13,0,115,39,Agriculture;,9,7,8,9,2,2
146,Mentee,32,5,160,121,15,149,142,62,79,119,81,89,174,25,191,Healthcare;,5,10,9,7,4,3
147,Mentee,32,132,183,43,115,138,159,99,45,7,174,135,93,41,34,Government;,4,7,9,3,10,3
148,Mentee,57,77,158,42,149,160,76,96,54,50,83,13,154,133,93,Legal;Aerospace;,1,6,9,4,5,10
149,Mentee,196,167,98,149,114,125,132,61,190,43,41,135,187,185,45,Advertising/Marketing;Consulting;Media and News;,10,8,7,1,10,8
150,Mentee,70,0,193,143,15,90,63,81,139,29,68,160,125,163,134,Government;Accounting;,7,10,4,7,10,10
151,Mentee,13,132,170,106,150,90,143,174,29,51,141,69,27,23,101,Legal;Real Estate;,4,8,7,4,6,9
152,Mentee,105,122,69,137,92,116,78,185,12,194,127,140,184,106,3,Healthcare;Fashion;,5,5,7,6,5,9
153,Mentee,54,108,79,52,192,15,135,149,197,101,11,195,194,2,193,Accounting;,9,7,5,3,4,10
154,Mentee,193,197,0,25,174,85,115,97,130,191,128,38,108,66,175,Agriculture;Human Resources;,7,4,9,10,8,1
155,Mentee,35,112,20,135,37,152,185,192,168,4,75,89,113,126,16,Government;Finance;Accounting;,4,5,2,9,10,8
156,Mentee,86,142,177,49,23,129,179,156,97,115,99,91,196,161,188,Entrepreneurship;Technology;Arts and Design;,6,2,2,6,5,2
157,Mentee,19,146,150,16,185,130,116,195,148,196,113,10,108,13,86,Hospitality;,1,7,1,9,4,6
158,Mentee,36,124,191,184,89,193,42,173,1,32,85,8,159,93,91,Legal;Hospitality;,7,1,3,9,6,1
159,Mentee,78,115,123,97,103,89,22,167,148,137,60,75,55,30,166,Real Estate;Entrepreneurship;,10,5,9,1,3,8
160,Mentee,161,193,132,173,32,176,22,19,12,72,74,24,145,35,147,Entertainment;Advertising/Marketing;,5,1,5,8,4,6
161,Mentee,4,138,13,174,77,72,193,76,28,33,65,103,17,188,54,Fashion;Education;,1,4,3,8,6,3
162,Mentee,162,132,139,149,183,192,13,182,32,15,129,74,17,61,45,Human Resources;Legal;Food and Beverage;,3,3,6,7,6,5
163,Mentee,138,60,190,21,107,96,8,187,175,172,171,14,0,134,69,Hospitality;,4,5,2,3,8,6
164,Mentee,50,89,105,94,72,175,130,127,161,118,65,163,53,157,140,Advertising/Marketing;Aerospace;Consulting;,9,5,7,5,8,1
165,Mentee,11,30,45,153,120,145,70,107,24,171,63,37,23,60,33,Entrepreneurship;Government;Legal;,4,5,7,8,9,8
166,Mentee,46,13,126,8,127,115,128,136,33,28,132,112,179,118,32,Food and Beverage;Arts and Design;Entertainment;,1,10,3,5,8,1
167,Mentee,196,166,180,103,75,131,76,14,98,117,22,40,93,47,128,Aerospace;Entrepreneurship;,4,8,5,9,9,2
168,Mentee,88,56,58,71,104,62,49,26,195,138,151,126,86,0,128,Real Estate;Human Resources;,5,8,1,9,1,7
169,Mentee,141,144,179,122,86,73,158,181,64,68,114,52,160,145,61,Real Estate;Healthcare;,9,1,8,2,10,10
170,Mentee,174,136,127,86,76,59,153,33,26,45,92,52,129,163,128,Nonprofit;Entrepreneurship;Fashion;,9,5,2,1,2,4
171,Mentee,198,197,176,116,96,115,15,174,81,104,134,195,70,46,136,Media and News;Food and Beverage;Agriculture;,3,1,6,6,7,2
172,Mentee,23,88,61,172,129,109,165,1,86,194,100,115,47,66,27,Entrepreneurship;Hospitality;,8,8,9,1,9,4
173,Mentee,168,30,93,49,29,199,170,100,195,79,64,32,109,134,41,Entrepreneurship;Legal;,9,7,7,6,2,7
174,Mentee,182,54,68,114,184,30,119,185,172,57,133,194,35,117,123,Finance;,3,5,2,1,9,7
175,Mentee,115,2,18,127,59,69,192,147,125,106,130,111,24,83,27,Legal;,1,4,5,5,3,9
176,Mentee,86,34,63,193,50,177,28,158,186,43,83,64,195,138,118,Entertainment;,4,5,10,9,1,7
177,Mentee,116,50,8,37,131,184,4,90,172,79,43,44,128,31,125,Agriculture;Legal;Accounting;,10,10,5,1,3,1
178,Mentee,139,155,51,41,111,0,30,25,76,52,32,45,104,131,50,Arts and Design;Real Estate;Other;,5,8,4,9,4,5
179,Mentee,57,3,139,107,41,87,94,170,155,25,167,96,194,129,84,Arts and Design;,1,1,5,3,9,10
180,Mentee,90,55,130,141,163,185,20,89,104,143,9,175,97,41,94,Pharmaceutical;Aerospace;Agriculture;,1,3,9,1,8,3
181,Mentee,161,119,112,145,27,95,80,25,20,111,141,7,6,160,3,Fashion;Pharmaceutical;,10,9,7,10,8,10
182,Mentee,1,198,98,152,88,142,62,104,16,167,93,162,151,19,187,Entrepreneurship;,1,10,5,8,1,1
183,Mentee,188,146,156,102,181,84,154,187,45,191,30,26,49,5,71,Human Resources;Consulting;Hospitality;,4,4,3,5,4,4
184,Mentee,89,151,186,187,27,57,112,83,62,60,69,73,45,66,172,Entertainment;,4,8,6,6,7,8
185,Mentee,162,186,98,139,94,7,54,66,141,134,117,33,184,51,44,Other;,1,2,5,9,3,8
186,Mentee,70,44,96,1,159,115,141,178,83,176,137,21,93,175,19,Aerospace;Healthcare;Human Resources;,2,7,2,1,5,3
187,Mentee,166,57,128,18,115,197,83,155,22,111,123,105,23,96,76,Accounting;Healthcare;Agriculture;,7,1,7,5,2,3
188,Mentee,139,138,102,186,147,1,23,179,86,182,121,53,87,127,42,Healthcare;Pharmaceutical;Finance;,8,1,2,5,6,5
189,Mentee,132,184,40,172,152,126,51,190,55,49,1,66,138,181,154,Arts and Design;Hospitality;Fashion;,2,7,7,2,1,8
190,Mentee,162,82,7,56,172,14,114,196,60,189,94,72,199,1,67,Aerospace;Technology;Education;,5,3,9,6,3,10
191,Mentee,168,41,30,35,195,24,79,99,180,71,52,162,59,97,54,Media and News;Arts and Design;Nonprofit;,5,7,3,3,8,10
192,Mentee,190,94,170,23,80,192,28,3,182,126,129,52,165,174,58,Consulting;,8,10,6,3,8,8
193,Mentee,25,62,180,154,48,72,176,121,30,54,87,117,68,152,181,Arts and Design;Technology;,5,1,6,1,1,1
194,Mentee,126,84,137,39,59,78,70,125,63,184,76,79,13,129,166,Other;Technology;,3,10,7,3,6,1
195,Mentee,3,108,181,47,56,34,176,13,16,35,14,43,4,123,76,Real Estate;Healthcare;Accounting;,2,9,1,5,6,6
196,Mentee,92,124,145,39,42,10,188,53,128,2,122,104,65,164,12,Other;Agriculture;Consulting;,2,7,4,6,8,9
197,Mentee,197,143,123,150,183,132,3,181,8,47,190,20,11,136,85,Education;Real Estate;Media and News;,5,4,1,9,5,9
198,Mentee,2,44,64,65,47,114,59,185,62,128,170,123,119,63,26,Nonprofit;Healthcare;,7,3,6,7,10,5
199,Mentee,178,21,52,41,187,160,136,39,28,11,165,109,175,66,69,Food and Beverage;,4,5,2,4,8,5
